{
  "analysis_a": {
    "boundaries": [
      10.5,
      22.5,
      54.5
    ],
    "alpha": 0.0010338016841760556,
    "rf_n_estimators_used": 200,
    "n_bootstrap_used": 40,
    "n_permutations_used": 60,
    "segment_only_auc": 0.7223379490665229,
    "p_value": 0.0,
    "ci_low": 0.7034024915272804,
    "ci_high": 0.73734412104213,
    "n_iterations": 1
  },
  "analysis_b": [
    {
      "segment": 0,
      "n": 1369,
      "churn_rate": 0.4967129291453616,
      "top_attributes": [
        "MonthlyCharges",
        "InternetService",
        "OnlineSecurity"
      ],
      "attribute_auc": 0.7575184270788606,
      "p_value": 0.0,
      "ci_low": 0.722302897555709,
      "ci_high": 0.7810559864850172,
      "n_bootstrap_used": 40,
      "n_permutations_used": 60
    },
    {
      "segment": 1,
      "n": 749,
      "churn_rate": 0.2977303070761015,
      "top_attributes": [
        "MonthlyCharges"
      ],
      "attribute_auc": 0.731518137348326,
      "p_value": 0.0,
      "ci_low": 0.6849994761110494,
      "ci_high": 0.7743169565081967,
      "n_bootstrap_used": 40,
      "n_permutations_used": 60
    },
    {
      "segment": 2,
      "n": 1534,
      "churn_rate": 0.19230769230769232,
      "top_attributes": [
        "Contract",
        "MonthlyCharges"
      ],
      "attribute_auc": 0.7902974291830008,
      "p_value": 0.0,
      "ci_low": 0.751201154045534,
      "ci_high": 0.8181093692292957,
      "n_bootstrap_used": 40,
      "n_permutations_used": 60
    },
    {
      "segment": 3,
      "n": 1278,
      "churn_rate": 0.08607198748043818,
      "top_attributes": [
        "Contract",
        "MonthlyCharges"
      ],
      "attribute_auc": 0.7677051965678576,
      "p_value": 0.0,
      "ci_low": 0.7114583643454433,
      "ci_high": 0.804047742716736,
      "n_bootstrap_used": 40,
      "n_permutations_used": 60
    }
  ],
  "subtrack_q": {
    "risk_attribute_values": {
      "InternetService": "Fiber optic",
      "OnlineSecurity": "No",
      "Contract": "Month-to-month"
    },
    "risk_count_only_auc": 0.7828396940240657,
    "p_value": 0.0,
    "n_permutations_used": 60,
    "top_risk_count_value": 3,
    "ci_low": 0.5596774193548387,
    "ci_high": 0.6091129032258065,
    "n_bootstrap_used": 40
  }
}