{
  "analysis_a": {
    "boundaries": [
      10.5,
      22.5,
      54.5
    ],
    "alpha": 0.0010338016841760556,
    "segment_only_auc": 0.7209940418776788,
    "p_value": 0.0,
    "ci_low": 0.701655704130197,
    "ci_high": 0.7397073501283387,
    "n_iterations": 1
  },
  "analysis_b": [
    {
      "segment": 0,
      "n": 1369,
      "churn_rate": 0.4967129291453616,
      "top_attributes": [
        "MonthlyCharges",
        "InternetService"
      ],
      "attribute_auc": 0.7419234323370733,
      "p_value": 0.0,
      "ci_low": 0.6998300281205743,
      "ci_high": 0.7733585054390205
    },
    {
      "segment": 1,
      "n": 749,
      "churn_rate": 0.2977303070761015,
      "top_attributes": [
        "MonthlyCharges"
      ],
      "attribute_auc": 0.731518137348326,
      "p_value": 0.0,
      "ci_low": 0.6649154310749893,
      "ci_high": 0.7755627857498454
    },
    {
      "segment": 2,
      "n": 1534,
      "churn_rate": 0.19230769230769232,
      "top_attributes": [
        "Contract",
        "MonthlyCharges"
      ],
      "attribute_auc": 0.7902974291830008,
      "p_value": 0.0,
      "ci_low": 0.7543838548418997,
      "ci_high": 0.8220372867440979
    },
    {
      "segment": 3,
      "n": 1278,
      "churn_rate": 0.08607198748043818,
      "top_attributes": [
        "Contract",
        "MonthlyCharges"
      ],
      "attribute_auc": 0.7677051965678576,
      "p_value": 0.0,
      "ci_low": 0.7072885857444478,
      "ci_high": 0.8151534309370716
    }
  ],
  "subtrack_q": {
    "risk_attribute_values": {
      "Contract": "Month-to-month",
      "PaymentMethod": "Electronic check",
      "InternetService": "Fiber optic",
      "OnlineSecurity": "No",
      "TechSupport": "No"
    },
    "risk_count_only_auc": 0.7930403082023966,
    "p_value": 0.0,
    "top_risk_count_value": 5,
    "ci_low": 0.6253602305475504,
    "ci_high": 0.6902017291066282
  }
}